web-scraper-order,web-scraper-start-url,title,price,rooms,toilets,mts
"1615253085-32","https://www.lamudi.com.mx/queretaro-arteaga/queretaro/milenio-iii-10/departamento/for-rent/?currency=mxn&page=3","Milenio III SIN AMUEBLAR departamento de 3 recamaras y 146 mts2!","$ 14,000","3
                                    
                                
                                Recámaras","2
                                    
                                
                                Baños","146 m²
                                    
                                
                                Construidos"
"1615253085-18","https://www.lamudi.com.mx/queretaro-arteaga/queretaro/milenio-iii-10/departamento/for-rent/?currency=mxn&page=3","Penthouse en renta amoblado de 3 dormitorios y 246 mts2 en El Milenio III RAHQRO","$ 27,000","3
                                    
                                
                                Recámaras","3
                                    
                                
                                Baños","246 m²
                                    
                                
                                Construidos"
"1615253132-79","https://www.lamudi.com.mx/queretaro-arteaga/queretaro/milenio-iii-10/departamento/for-rent/?currency=mxn&page=1","RENTA DEPARTAMENTO MILENIO III A 8 MIN DEL CENTRO","$ 15,320","2
                                    
                                
                                Recámaras","2
                                    
                                
                                Baños","93 m²
                                    
                                
                                Construidos"
"1615253110-62","https://www.lamudi.com.mx/queretaro-arteaga/queretaro/milenio-iii-10/departamento/for-rent/?currency=mxn&page=2","Departamento en Renta, en Milenio 3a. Sección, Querétaro","$ 17,500","3
                                    
                                
                                Recámaras","3
                                    
                                
                                Baños","178 m²
                                    
                                
                                Construidos"
"1615253132-83","https://www.lamudi.com.mx/queretaro-arteaga/queretaro/milenio-iii-10/departamento/for-rent/?currency=mxn&page=1","Moderno y amplio departamento trirecámaras planta baja en Milenio III","$ 12,000","3
                                    
                                
                                Recámaras","2
                                    
                                
                                Baños","130 m²
                                    
                                
                                Construidos"
"1615253132-70","https://www.lamudi.com.mx/queretaro-arteaga/queretaro/milenio-iii-10/departamento/for-rent/?currency=mxn&page=1","Departamento - Milenio","$ 26,000","2
                                    
                                
                                Recámaras","2
                                    
                                
                                Baños","162 m²
                                    
                                
                                Construidos"
"1615253132-86","https://www.lamudi.com.mx/queretaro-arteaga/queretaro/milenio-iii-10/departamento/for-rent/?currency=mxn&page=1","Departamento para RENTA a estrenar en Milenio III","$ 14,000","3
                                    
                                
                                Recámaras","2
                                    
                                
                                Baños","125 m²
                                    
                                
                                Construidos"
"1615253110-55","https://www.lamudi.com.mx/queretaro-arteaga/queretaro/milenio-iii-10/departamento/for-rent/?currency=mxn&page=2","MILENIO III DEPARTAMENTO EN RENTA DE 3 RECAMARAS CON TERRAZA EDF CON AMENIDADES","$ 14,000","3
                                    
                                
                                Recámaras","2
                                    
                                
                                Baños","146 m²
                                    
                                
                                Construidos"
"1615253110-49","https://www.lamudi.com.mx/queretaro-arteaga/queretaro/milenio-iii-10/departamento/for-rent/?currency=mxn&page=2","Departamento en renta en MILENIO","$ 20,000","2
                                    
                                
                                Recámaras","2
                                    
                                
                                Baños","135 m²
                                    
                                
                                Construidos"
"1615253132-67","https://www.lamudi.com.mx/queretaro-arteaga/queretaro/milenio-iii-10/departamento/for-rent/?currency=mxn&page=1","Departamento Amueblado en Renta en Milenio III, Qro","$ 9,900","1
                                    
                                
                                Recámara","1
                                    
                                
                                Baño","50 m²
                                    
                                
                                Construidos"
"1615253085-35","https://www.lamudi.com.mx/queretaro-arteaga/queretaro/milenio-iii-10/departamento/for-rent/?currency=mxn&page=3","Departamento en Renta, en Milenio 3a. Sección, Querétaro","$ 9,000","2
                                    
                                
                                Recámaras","1
                                    
                                
                                Baño","80 m²
                                    
                                
                                Construidos"
"1615253110-56","https://www.lamudi.com.mx/queretaro-arteaga/queretaro/milenio-iii-10/departamento/for-rent/?currency=mxn&page=2","Departamento en Renta, en Milenio 3a. Sección, Querétaro","$ 17,000","2
                                    
                                
                                Recámaras","2
                                    
                                
                                Baños","111 m²
                                    
                                
                                Construidos"
"1615253132-94","https://www.lamudi.com.mx/queretaro-arteaga/queretaro/milenio-iii-10/departamento/for-rent/?currency=mxn&page=1","Renta Departamento Milenio lll","$ 25,000","2
                                    
                                
                                Recámaras","2
                                    
                                
                                Baños","120 m²
                                    
                                
                                Construidos"
"1615253110-38","https://www.lamudi.com.mx/queretaro-arteaga/queretaro/milenio-iii-10/departamento/for-rent/?currency=mxn&page=2","Departamento en renta Milenio 3 habitaciones AVH","$ 14,000","3
                                    
                                
                                Recámaras","2
                                    
                                
                                Baños","146 m²
                                    
                                
                                Construidos"
"1615253110-42","https://www.lamudi.com.mx/queretaro-arteaga/queretaro/milenio-iii-10/departamento/for-rent/?currency=mxn&page=2","RENTA DEPARTAMENTO MILENIO III","$ 16,500","2
                                    
                                
                                Recámaras","2
                                    
                                
                                Baños","120 m²
                                    
                                
                                Construidos"
"1615253085-11","https://www.lamudi.com.mx/queretaro-arteaga/queretaro/milenio-iii-10/departamento/for-rent/?currency=mxn&page=3","Departamento en Renta en Milenio 3a. Sección","$ 18,500","33
                                    
                                
                                Recámaras","4
                                    
                                
                                Baños","170 m²
                                    
                                
                                Construidos"
"1615253110-53","https://www.lamudi.com.mx/queretaro-arteaga/queretaro/milenio-iii-10/departamento/for-rent/?currency=mxn&page=2","Penthouse en Milenio III amueblado de 3 dormitorios y 246 mts2! RAHQRO","$ 27,000","3
                                    
                                
                                Recámaras","3
                                    
                                
                                Baños","246 m²
                                    
                                
                                Construidos"
"1615253085-16","https://www.lamudi.com.mx/queretaro-arteaga/queretaro/milenio-iii-10/departamento/for-rent/?currency=mxn&page=3","DEPARTAMENTO EN RENTA, MILENIO III, QUERÉTARO, QRO.","$ 14,080","3
                                    
                                
                                Recámaras","2
                                    
                                
                                Baños","140 m²
                                    
                                
                                Construidos"
"1615253110-36","https://www.lamudi.com.mx/queretaro-arteaga/queretaro/milenio-iii-10/departamento/for-rent/?currency=mxn&page=2","RENTA DEPARTAMENTO AMUEBLADO MILENIO","$ 14,000","3
                                    
                                
                                Recámaras","2
                                    
                                
                                Baños","140 m²
                                    
                                
                                Construidos"
"1615253110-52","https://www.lamudi.com.mx/queretaro-arteaga/queretaro/milenio-iii-10/departamento/for-rent/?currency=mxn&page=2","Loft en Renta, en Milenio 3a. Sección, Querétaro","$ 10,000","1
                                    
                                
                                Recámara","1
                                    
                                
                                Baño","50 m²
                                    
                                
                                Construidos"
"1615253085-9","https://www.lamudi.com.mx/queretaro-arteaga/queretaro/milenio-iii-10/departamento/for-rent/?currency=mxn&page=3","Departamento en Renta en Milenio 3a. Sección","$ 17,800","1
                                    
                                
                                Recámara","2
                                    
                                
                                Baños","80 m²
                                    
                                
                                Construidos"
"1615253132-81","https://www.lamudi.com.mx/queretaro-arteaga/queretaro/milenio-iii-10/departamento/for-rent/?currency=mxn&page=1","Departamento amueblado y equipado en Renta. Milenio III en 2° piso con 3 recámaras y ...","$ 13,000","3
                                    
                                
                                Recámaras","2
                                    
                                
                                Baños","172 m²
                                    
                                
                                Construidos"
"1615253085-34","https://www.lamudi.com.mx/queretaro-arteaga/queretaro/milenio-iii-10/departamento/for-rent/?currency=mxn&page=3","Departamento en Luma City Milenio III","$ 23,500","3
                                    
                                
                                Recámaras","2
                                    
                                
                                Baños","182 m²
                                    
                                
                                Construidos"
"1615253132-87","https://www.lamudi.com.mx/queretaro-arteaga/queretaro/milenio-iii-10/departamento/for-rent/?currency=mxn&page=1","Loft en Renta, en Milenio 3a. Sección, Querétaro","$ 6,000","1
                                    
                                
                                Recámara","1
                                    
                                
                                Baño","35 m²
                                    
                                
                                Construidos"
"1615253085-8","https://www.lamudi.com.mx/queretaro-arteaga/queretaro/milenio-iii-10/departamento/for-rent/?currency=mxn&page=3","IRR Departamento Amueblado en Renta en Milenio III","$ 16,000","3
                                    
                                
                                Recámaras","2
                                    
                                
                                Baños","133 m²
                                    
                                
                                Construidos"
"1615253110-60","https://www.lamudi.com.mx/queretaro-arteaga/queretaro/milenio-iii-10/departamento/for-rent/?currency=mxn&page=2","Renta de bonito y a estrenar depa en Milenio 3 JF","$ 14,000","3
                                    
                                
                                Recámaras","2
                                    
                                
                                Baños","146 m²
                                    
                                
                                Construidos"
"1615253085-26","https://www.lamudi.com.mx/queretaro-arteaga/queretaro/milenio-iii-10/departamento/for-rent/?currency=mxn&page=3","EN RENTA! PENTHOUSE DENTRO DE HÖME COTO CLUB, MILENIO III.","$ 23,000","3
                                    
                                
                                Recámaras","3
                                    
                                
                                Baños","129 m²
                                    
                                
                                Construidos"
"1615253110-47","https://www.lamudi.com.mx/queretaro-arteaga/queretaro/milenio-iii-10/departamento/for-rent/?currency=mxn&page=2","Departamento en renta Milenio 3 habitaciones AVH","$ 18,000","3
                                    
                                
                                Recámaras","2
                                    
                                
                                Baños","125 m²
                                    
                                
                                Construidos"
"1615253110-65","https://www.lamudi.com.mx/queretaro-arteaga/queretaro/milenio-iii-10/departamento/for-rent/?currency=mxn&page=2","LINDO DEPARTAMENTO EN RENTA  MONTE BELLO MILENIO","$ 25,000","2
                                    
                                
                                Recámaras","2
                                    
                                
                                Baños","134 m²
                                    
                                
                                Construidos"
"1615253110-61","https://www.lamudi.com.mx/queretaro-arteaga/queretaro/milenio-iii-10/departamento/for-rent/?currency=mxn&page=2","Departamento en Luma City Milenio III","$ 23,500","3
                                    
                                
                                Recámaras","2
                                    
                                
                                Baños","182 m²
                                    
                                
                                Construidos"
"1615253110-48","https://www.lamudi.com.mx/queretaro-arteaga/queretaro/milenio-iii-10/departamento/for-rent/?currency=mxn&page=2","DEPARTAMENTO EN RENTA EN MILENIO III QUERETARO CON VISTA A LA CAÑADA","$ 18,320","2
                                    
                                
                                Recámaras","2
                                    
                                
                                Baños","113 m²
                                    
                                
                                Construidos"
"1615253132-68","https://www.lamudi.com.mx/queretaro-arteaga/queretaro/milenio-iii-10/departamento/for-rent/?currency=mxn&page=1","Departamento en renta  en Milenio III, Qro.","$ 17,500","3
                                    
                                
                                Recámaras","3
                                    
                                
                                Baños","170 m²
                                    
                                
                                Construidos"
"1615253085-28","https://www.lamudi.com.mx/queretaro-arteaga/queretaro/milenio-iii-10/departamento/for-rent/?currency=mxn&page=3","Departamento en Milenio 3a. Sección","$ 16,500","2
                                    
                                
                                Recámaras","2
                                    
                                
                                Baños","112 m²
                                    
                                
                                Construidos"
"1615253132-77","https://www.lamudi.com.mx/queretaro-arteaga/queretaro/milenio-iii-10/departamento/for-rent/?currency=mxn&page=1","Renta de Amplio departamento con 2 recamara, ubicado en Fraccionamiento Milenio","$ 14,000","2
                                    
                                
                                Recámaras","2
                                    
                                
                                Baños","175 m²
                                    
                                
                                Construidos"
"1615253132-90","https://www.lamudi.com.mx/queretaro-arteaga/queretaro/milenio-iii-10/departamento/for-rent/?currency=mxn&page=1","Departamento en Renta, en Milenio 3a. Sección, Querétaro","$ 9,000","2
                                    
                                
                                Recámaras","1
                                    
                                
                                Baño","80 m²
                                    
                                
                                Construidos"
"1615253085-19","https://www.lamudi.com.mx/queretaro-arteaga/queretaro/milenio-iii-10/departamento/for-rent/?currency=mxn&page=3","Venta renta departamento montebello towers","$ 43,000","3
                                    
                                
                                Recámaras","3
                                    
                                
                                Baños","232 m²
                                    
                                
                                Construidos"
"1615253110-37","https://www.lamudi.com.mx/queretaro-arteaga/queretaro/milenio-iii-10/departamento/for-rent/?currency=mxn&page=2","DEPARTAMENTO EN RENTA MILENIO III   AMUEBLADO  $10,000","$ 10,000","2
                                    
                                
                                Recámaras","2
                                    
                                
                                Baños","null"
"1615253085-10","https://www.lamudi.com.mx/queretaro-arteaga/queretaro/milenio-iii-10/departamento/for-rent/?currency=mxn&page=3","DEPARTAMENTO EN RENTA EN MONTEBELLO TOWERS, MILENIO III","$ 25,000","2
                                    
                                
                                Recámaras","2
                                    
                                
                                Baños","134 m²
                                    
                                
                                Construidos"
"1615253132-85","https://www.lamudi.com.mx/queretaro-arteaga/queretaro/milenio-iii-10/departamento/for-rent/?currency=mxn&page=1","Loft en Renta, en Milenio 3a. Sección, Querétaro","$ 7,500","1
                                    
                                
                                Recámara","1
                                    
                                
                                Baño","40 m²
                                    
                                
                                Construidos"
"1615253110-59","https://www.lamudi.com.mx/queretaro-arteaga/queretaro/milenio-iii-10/departamento/for-rent/?currency=mxn&page=2","RENTA DEPARTAMENTO CON VIGILANCIA Y ALBERCA EN MILENIO III","$ 12,000","2
                                    
                                
                                Recámaras","2
                                    
                                
                                Baños","120 m²
                                    
                                
                                Construidos"
"1615253110-51","https://www.lamudi.com.mx/queretaro-arteaga/queretaro/milenio-iii-10/departamento/for-rent/?currency=mxn&page=2","AMUEBLADO: MILENIO III","$ 19,500","3
                                    
                                
                                Recámaras","2
                                    
                                
                                Baños","145 m²
                                    
                                
                                Construidos"
"1615253110-50","https://www.lamudi.com.mx/queretaro-arteaga/queretaro/milenio-iii-10/departamento/for-rent/?currency=mxn&page=2","AMUEBLADO CON EXCELENTE VISTA EN EL CORAZON DE MILENIO","$ 15,000","2
                                    
                                
                                Recámaras","2
                                    
                                
                                Baños","100 m²
                                    
                                
                                Construidos"
"1615253132-72","https://www.lamudi.com.mx/queretaro-arteaga/queretaro/milenio-iii-10/departamento/for-rent/?currency=mxn&page=1","Departamento en Renta en Milenio 3a. Sección","$ 15,000","2
                                    
                                
                                Recámaras","2
                                    
                                
                                Baños","100 m²
                                    
                                
                                Construidos"
"1615253085-20","https://www.lamudi.com.mx/queretaro-arteaga/queretaro/milenio-iii-10/departamento/for-rent/?currency=mxn&page=3","Departamento Amueblado En Renta En Queretaro Milenio III","$ 14,000","3
                                    
                                
                                Recámaras","2
                                    
                                
                                Baños","140 m²
                                    
                                
                                Construidos"
"1615253110-44","https://www.lamudi.com.mx/queretaro-arteaga/queretaro/milenio-iii-10/departamento/for-rent/?currency=mxn&page=2","RENTA DEPARTAMENTO EN CONDOMINIO EXCELENTES AMENIDADES","$ 16,500","2
                                    
                                
                                Recámaras","2
                                    
                                
                                Baños","100 m²
                                    
                                
                                Construidos"
"1615253110-40","https://www.lamudi.com.mx/queretaro-arteaga/queretaro/milenio-iii-10/departamento/for-rent/?currency=mxn&page=2","RENTA DEPARTAMENTO PLANTA BAJA MILENIO III","$ 11,000","2
                                    
                                
                                Recámaras","2
                                    
                                
                                Baños","100 m²
                                    
                                
                                Construidos"
"1615253085-23","https://www.lamudi.com.mx/queretaro-arteaga/queretaro/milenio-iii-10/departamento/for-rent/?currency=mxn&page=3","Milenio III, Querétaro. Departamento de 3 Recámaras en Renta SRM 21-100","$ 15,000","3
                                    
                                
                                Recámaras","2
                                    
                                
                                Baños","125 m²
                                    
                                
                                Construidos"
"1615253110-54","https://www.lamudi.com.mx/queretaro-arteaga/queretaro/milenio-iii-10/departamento/for-rent/?currency=mxn&page=2","RENTA DEPARTAMENTO MILENIO III PLANTA BAJA","$ 12,000","2
                                    
                                
                                Recámaras","2
                                    
                                
                                Baños","110 m²
                                    
                                
                                Construidos"
"1615253085-22","https://www.lamudi.com.mx/queretaro-arteaga/queretaro/milenio-iii-10/departamento/for-rent/?currency=mxn&page=3","Renta depa a estrenar en condominio con excelentes amenidades JF","$ 15,000","3
                                    
                                
                                Recámaras","2
                                    
                                
                                Baños","125 m²
                                    
                                
                                Construidos"
"1615253132-82","https://www.lamudi.com.mx/queretaro-arteaga/queretaro/milenio-iii-10/departamento/for-rent/?currency=mxn&page=1","PentHouse en renta amoblado con todos los servicios incluidos en Milenio YCC","$ 27,000","3
                                    
                                
                                Recámaras","3
                                    
                                
                                Baños","246 m²
                                    
                                
                                Construidos"
"1615253132-69","https://www.lamudi.com.mx/queretaro-arteaga/queretaro/milenio-iii-10/departamento/for-rent/?currency=mxn&page=1","RENTA DEPARTAMENTO EN TERRANTO MILENIO III","$ 15,000","3
                                    
                                
                                Recámaras","2
                                    
                                
                                Baños","120 m²
                                    
                                
                                Construidos"
"1615253132-92","https://www.lamudi.com.mx/queretaro-arteaga/queretaro/milenio-iii-10/departamento/for-rent/?currency=mxn&page=1","Bonito Departamento en Renta Nuevo con excelente iluminación en LumaCity Milenio III","$ 23,500","3
                                    
                                
                                Recámaras","2
                                    
                                
                                Baños","182 m²
                                    
                                
                                Construidos"
"1615253085-33","https://www.lamudi.com.mx/queretaro-arteaga/queretaro/milenio-iii-10/departamento/for-rent/?currency=mxn&page=3","Loft en Renta, en Milenio 3a. Sección, Querétaro","$ 7,500","1
                                    
                                
                                Recámara","1
                                    
                                
                                Baño","40 m²
                                    
                                
                                Construidos"
"1615253132-73","https://www.lamudi.com.mx/queretaro-arteaga/queretaro/milenio-iii-10/departamento/for-rent/?currency=mxn&page=1","Departamento en Renta, en Milenio 3a. Sección, Querétaro","$ 8,000","1
                                    
                                
                                Recámara","1
                                    
                                
                                Baño","60 m²
                                    
                                
                                Construidos"
"1615253132-71","https://www.lamudi.com.mx/queretaro-arteaga/queretaro/milenio-iii-10/departamento/for-rent/?currency=mxn&page=1","Departamento en renta sin muebles, 88 m2, 2 recamaras, 2 baños, estancia, cocina","$ 11,000","2
                                    
                                
                                Recámaras","2
                                    
                                
                                Baños","88 m²
                                    
                                
                                Construidos"
"1615253132-89","https://www.lamudi.com.mx/queretaro-arteaga/queretaro/milenio-iii-10/departamento/for-rent/?currency=mxn&page=1","EXCELENTE OPCION DE DEPARTAMENTO AMUEBLADO!!!","$ 15,200","2
                                    
                                
                                Recámaras","2
                                    
                                
                                Baños","140 m²
                                    
                                
                                Construidos"
"1615253132-66","https://www.lamudi.com.mx/queretaro-arteaga/queretaro/milenio-iii-10/departamento/for-rent/?currency=mxn&page=1","Se Renta Departamento AMUEBLADO en MILENIO, Hermosa Vista, Equipado !!","$ 15,000","2
                                    
                                
                                Recámaras","2
                                    
                                
                                Baños","135 m²
                                    
                                
                                Construidos"
"1615253085-29","https://www.lamudi.com.mx/queretaro-arteaga/queretaro/milenio-iii-10/departamento/for-rent/?currency=mxn&page=3","Penthouse en Milenio III amueblado de 3 dormitorios y 246 mts2! RAHQRO","$ 27,000","3
                                    
                                
                                Recámaras","3
                                    
                                
                                Baños","246 m²
                                    
                                
                                Construidos"
"1615253132-80","https://www.lamudi.com.mx/queretaro-arteaga/queretaro/milenio-iii-10/departamento/for-rent/?currency=mxn&page=1","Departamento en renta en Milenio III, Qro.","$ 22,000","2
                                    
                                
                                Recámaras","2
                                    
                                
                                Baños","null"
"1615253085-30","https://www.lamudi.com.mx/queretaro-arteaga/queretaro/milenio-iii-10/departamento/for-rent/?currency=mxn&page=3","PentHouse en Renta en Milenio amueblado y servicios incluidos JF","$ 27,000","3
                                    
                                
                                Recámaras","3
                                    
                                
                                Baños","246 m²
                                    
                                
                                Construidos"
"1615253085-27","https://www.lamudi.com.mx/queretaro-arteaga/queretaro/milenio-iii-10/departamento/for-rent/?currency=mxn&page=3","DEPARTAMENTO AMUEBLADO EN MILENIO III","$ 15,000","3
                                    
                                
                                Recámaras","2
                                    
                                
                                Baños","167 m²
                                    
                                
                                Construidos"
"1615253085-24","https://www.lamudi.com.mx/queretaro-arteaga/queretaro/milenio-iii-10/departamento/for-rent/?currency=mxn&page=3","HERMOSO DEPARTAMENTO EN MILENIO III","$ 11,000","3
                                    
                                
                                Recámaras","2
                                    
                                
                                Baños","120 m²
                                    
                                
                                Construidos"
"1615253110-39","https://www.lamudi.com.mx/queretaro-arteaga/queretaro/milenio-iii-10/departamento/for-rent/?currency=mxn&page=2","Milenio III SIN AMUEBLAR departamento de 3 recamaras y 146 mts2!","$ 14,000","3
                                    
                                
                                Recámaras","2
                                    
                                
                                Baños","146 m²
                                    
                                
                                Construidos"
"1615253110-57","https://www.lamudi.com.mx/queretaro-arteaga/queretaro/milenio-iii-10/departamento/for-rent/?currency=mxn&page=2","DEPARTAMENTO AMUEBLADO EN RENTA  EN MILENIO III","$ 22,000","2
                                    
                                
                                Recámaras","2
                                    
                                
                                Baños","null"
"1615253085-14","https://www.lamudi.com.mx/queretaro-arteaga/queretaro/milenio-iii-10/departamento/for-rent/?currency=mxn&page=3","RENTO DEPARTAMENTO AMUEBLADO EN MILENIO III","$ 15,000","3
                                    
                                
                                Recámaras","2
                                    
                                
                                Baños","120 m²
                                    
                                
                                Construidos"
"1615253132-84","https://www.lamudi.com.mx/queretaro-arteaga/queretaro/milenio-iii-10/departamento/for-rent/?currency=mxn&page=1","Departamento en Renta, en Milenio 3a. Sección, Querétaro","$ 15,500","3
                                    
                                
                                Recámaras","2
                                    
                                
                                Baños","135 m²
                                    
                                
                                Construidos"
"1615253132-93","https://www.lamudi.com.mx/queretaro-arteaga/queretaro/milenio-iii-10/departamento/for-rent/?currency=mxn&page=1","Hermoso Depa de 2 Recámaras y 2 Baños en Milenio III Ofp Ex-461","$ 20,000","2
                                    
                                
                                Recámaras","2
                                    
                                
                                Baños","106 m²
                                    
                                
                                Construidos"
"1615253132-88","https://www.lamudi.com.mx/queretaro-arteaga/queretaro/milenio-iii-10/departamento/for-rent/?currency=mxn&page=1","EN RENTA! PENTHOUSE DENTRO DE HÖME COTO CLUB, MILENIO III.","$ 23,000","3
                                    
                                
                                Recámaras","3
                                    
                                
                                Baños","129 m²
                                    
                                
                                Construidos"
"1615253085-15","https://www.lamudi.com.mx/queretaro-arteaga/queretaro/milenio-iii-10/departamento/for-rent/?currency=mxn&page=3","RENTA DEPARTAMENTO MILENIO III","$ 10,500","6
                                    
                                
                                Recámaras","2
                                    
                                
                                Baños","110 m²
                                    
                                
                                Construidos"
"1615253110-46","https://www.lamudi.com.mx/queretaro-arteaga/queretaro/milenio-iii-10/departamento/for-rent/?currency=mxn&page=2","Departamento en Milenio 3a. Sección","$ 16,500","2
                                    
                                
                                Recámaras","2
                                    
                                
                                Baños","112 m²
                                    
                                
                                Construidos"
"1615253110-45","https://www.lamudi.com.mx/queretaro-arteaga/queretaro/milenio-iii-10/departamento/for-rent/?currency=mxn&page=2","DEPARTAMENTO EN RENTA, 147 m2 EN EL PISO 9, AMPLIOS ESPACIOS, EXCELENTE VISTA","$ 18,600","2
                                    
                                
                                Recámaras","3
                                    
                                
                                Baños","147 m²
                                    
                                
                                Construidos"
"1615253132-75","https://www.lamudi.com.mx/queretaro-arteaga/queretaro/milenio-iii-10/departamento/for-rent/?currency=mxn&page=1","Departamento Amueblado en Milenio III a 4 minutos de los Arcos, y Av. Constituye","$ 13,000","2
                                    
                                
                                Recámaras","2
                                    
                                
                                Baños","110 m²
                                    
                                
                                Construidos"
"1615253085-13","https://www.lamudi.com.mx/queretaro-arteaga/queretaro/milenio-iii-10/departamento/for-rent/?currency=mxn&page=3","DEPARTAMENTO EN RENTA EN QUERETARO Milenio Summit Park","$ 12,500","22
                                    
                                
                                Recámaras","2
                                    
                                
                                Baños","85 m²
                                    
                                
                                Construidos"
"1615253110-43","https://www.lamudi.com.mx/queretaro-arteaga/queretaro/milenio-iii-10/departamento/for-rent/?currency=mxn&page=2","Lofts amueblados en Renta en Milenio III","$ 10,000","1
                                    
                                
                                Baño","55 m²
                                    
                                
                                Construidos","null"
"1615253132-78","https://www.lamudi.com.mx/queretaro-arteaga/queretaro/milenio-iii-10/departamento/for-rent/?currency=mxn&page=1","Depto, MILENIO, vista panóramica , Centros comerciales y màs","$ 13,800","3
                                    
                                
                                Recámaras","2
                                    
                                
                                Baños","110 m²
                                    
                                
                                Construidos"
"1615253132-91","https://www.lamudi.com.mx/queretaro-arteaga/queretaro/milenio-iii-10/departamento/for-rent/?currency=mxn&page=1","Departamento en Renta, en Milenio 3a. Sección, Querétaro","$ 12,800","3
                                    
                                
                                Recámaras","3
                                    
                                
                                Baños","135 m²
                                    
                                
                                Construidos"
"1615253085-7","https://www.lamudi.com.mx/queretaro-arteaga/queretaro/milenio-iii-10/departamento/for-rent/?currency=mxn&page=3","DEPARTAMENTO EN RENTA EN MONTEBELLO TOWERS, MILENIO III","$ 23,000","2
                                    
                                
                                Recámaras","2
                                    
                                
                                Baños","134 m²
                                    
                                
                                Construidos"
"1615253110-41","https://www.lamudi.com.mx/queretaro-arteaga/queretaro/milenio-iii-10/departamento/for-rent/?currency=mxn&page=2","P H  AMUEBLADO EN RENTA MILENIO III","$ 18,000","3
                                    
                                
                                Recámaras","2
                                    
                                
                                Baños","136 m²
                                    
                                
                                Construidos"
"1615253132-95","https://www.lamudi.com.mx/queretaro-arteaga/queretaro/milenio-iii-10/departamento/for-rent/?currency=mxn&page=1","Departamento en Renta en Milenio 3a. Sección","$ 12,000","2
                                    
                                
                                Recámaras","2
                                    
                                
                                Baños","100 m²
                                    
                                
                                Construidos"
"1615253085-25","https://www.lamudi.com.mx/queretaro-arteaga/queretaro/milenio-iii-10/departamento/for-rent/?currency=mxn&page=3","RENTA DEPARTAMENTOS AMUEBLADOS EN MILENIO III QUERETARO","$ 15,000","3
                                    
                                
                                Recámaras","2
                                    
                                
                                Baños","111 m²
                                    
                                
                                Construidos"
"1615253085-31","https://www.lamudi.com.mx/queretaro-arteaga/queretaro/milenio-iii-10/departamento/for-rent/?currency=mxn&page=3","DEPTO EN MILENIO LOS MEJORES ATARDECERES","$ 15,000","3
                                    
                                
                                Recámaras","2
                                    
                                
                                Baños","125 m²
                                    
                                
                                Construidos"
"1615253085-17","https://www.lamudi.com.mx/queretaro-arteaga/queretaro/milenio-iii-10/departamento/for-rent/?currency=mxn&page=3","Se  Renta  PH en Milenio amueblado o sin amueblar","$ 14,800","2
                                    
                                
                                Recámaras","2
                                    
                                
                                Baños","110 m²
                                    
                                
                                Construidos"
"1615253085-12","https://www.lamudi.com.mx/queretaro-arteaga/queretaro/milenio-iii-10/departamento/for-rent/?currency=mxn&page=3","DEPARTAMENTO EN RENTA    MILENIO III","$ 10,000","2
                                    
                                
                                Recámaras","2
                                    
                                
                                Baños","110 m²
                                    
                                
                                Construidos"
"1615253132-76","https://www.lamudi.com.mx/queretaro-arteaga/queretaro/milenio-iii-10/departamento/for-rent/?currency=mxn&page=1","DEPARTAMENTO EN RENTA EN QUERETARO Milenio 3a. Sección","$ 18,000","2
                                    
                                
                                Recámaras","2
                                    
                                
                                Baños","147 m²
                                    
                                
                                Construidos"
"1615253110-63","https://www.lamudi.com.mx/queretaro-arteaga/queretaro/milenio-iii-10/departamento/for-rent/?currency=mxn&page=2","PENTHOUSE EN RENTA EN MILENIO III, 2 REC., 2 BAÑOS, 1 REC. MULTIUSOS.","$ 18,000","2
                                    
                                
                                Recámaras","2
                                    
                                
                                Baños","136 m²
                                    
                                
                                Construidos"
"1615253132-74","https://www.lamudi.com.mx/queretaro-arteaga/queretaro/milenio-iii-10/departamento/for-rent/?currency=mxn&page=1","Departamento en Renta en Milenio 3a. Sección","$ 13,000","2
                                    
                                
                                Recámaras","2
                                    
                                
                                Baños","93 m²
                                    
                                
                                Construidos"
"1615253085-21","https://www.lamudi.com.mx/queretaro-arteaga/queretaro/milenio-iii-10/departamento/for-rent/?currency=mxn&page=3","Departamento nuevo Renta en Milenio III","$ 18,500","3
                                    
                                
                                Recámaras","3
                                    
                                
                                Baños","170 m²
                                    
                                
                                Construidos"
"1615253110-58","https://www.lamudi.com.mx/queretaro-arteaga/queretaro/milenio-iii-10/departamento/for-rent/?currency=mxn&page=2","RENTA DE DEPARTAMENTO AMUEBLADO Y EQUIPADO EN MELINIO III","$ 16,300","3
                                    
                                
                                Recámaras","2
                                    
                                
                                Baños","112 m²
                                    
                                
                                Construidos"
"1615253110-64","https://www.lamudi.com.mx/queretaro-arteaga/queretaro/milenio-iii-10/departamento/for-rent/?currency=mxn&page=2","RENTA DE DEPARTAMENTO AMUEBLADO Y EQUIPADO EN MILENIO III","$ 16,321","3
                                    
                                
                                Recámaras","2
                                    
                                
                                Baños","112 m²
                                    
                                
                                Construidos"
